sequence,activity,masked_sequence,replaced_sequence,masked_replaced_sequence,activity_normalized
RMSRLVVIKVAQ,0.17,RLARI[MASK]V[MASK]RVAR,KLARIVILRIAQ,RLSRI[LSSQ]V[LSSK]RLAR,0.17346938775510207
RAVQILVIRALR,0.75,[MASK]AV[MASK]IVV[MASK]RAL[MASK],RAVQVLVIRALR,[MSSE]AV[MSSK]VVV[MASE]RAM[LASE],0.7653061224489796
RLSRVVPLRVAR,0.47,RLARIV[MASK][MASK]RVAR,QLARIVPVRVAR,KLSRLV[MSSK][MASK]RVAK,0.47959183673469385
RKSRIVIIRVAR,0.22,RRA[MASK]IVVIRV[MASK]R,QRSRIMVIRMAR,RRS[MASK]IIIIQI[MASQ]Q,0.22448979591836735
RLKKIVVIRVAR,0.17,RLRR[MASK]VVIRVAR,RLRQIVVVRMSR,QIKR[MASK]IMMRVAR,0.17346938775510207
RIFKMVMMRVAR,0.026,R[MASK]W[MASK]IVVIRVAR,RMWRILVIRVAK,R[MASR]F[MAAK]IVLLRVSR,0.026530612244897958
RLAKIMVIQFSR,0.25,[MASK]LAR[MASK][MASK]VIRWAR,RISRMVVIQFSQ,[MASK]LAR[MSSK][MASK]VIRFAR,0.25510204081632654
KRWKVVVIRVKQ,0.79,R[MASK]WRI[MASK]VI[MASK]VRR,KRWKVVVLRVRQ,R[IASK]WRI[MASE]II[MASK]IQR,0.8061224489795918
RRWRIVLVRWRR,0.85,[MASK]R[MASK]KI[MASK]VIRW[MASK]R,RRWKVVIIRYRR,[MASQ]R[MAAR]KV[LASK]VLRF[LASK]Q,0.8673469387755102
RWWEIWVLRWYR,0.21,RWWK[MASK]WV[MASK]RWWR,RYFKIWVIRWYR,RWWK[MASK]FI[IASK]RWYQ,0.21428571428571427
QLRRIVVIQVRQ,0.47,RLRRI[MASK]VIRVRR,KIRKIVVIKVRR,RVRRL[MASK]VIKVRR,0.47959183673469385
VRVRIRVALIKS,0.0,VR[MASK]RIRVAVIRA,IRLRLRVAVMRA,VR[MSAK]RIQIAIIRS,0.0
VRWQIKVAIIRA,0.12,VRFRIRVAVIRA,VRFRVKVAVIRA,VRFQIRVSMIRA,0.12244897959183673
VKWQIKIAIMKA,0.34,VR[MASK]R[MASK]RVAV[MASK]R[MASK],LKFQVKVSVIRS,VR[IATK]R[MASK]KVAV[ISSK]R[MSSK],0.34693877551020413
VRLKIRVAVIQK,0.63,V[MASK]LRIR[MASK]AVIRK,MRLRLRIAVMRK,M[MASQ]LQIQ[MSSK]AVIKK,0.6428571428571429
MKLQMRVRVIRK,0.76,VQLRIRVRVIRK,LQLRLRIRVIRK,VQLKIRVRVIRE,0.7755102040816326
VQLRIKVRVVRK,0.76,V[MASK]LR[MASK]RV[MASK]VIRK,VRLRIKVRVLRR,V[LSTK]IR[MSSK]RV[MASE]VIRK,0.7755102040816326
QQWQIKVRVIKK,0.87,[MASK]QFRIRVRVIRK,RQFKLKLRVIRE,[VSSK]QYRIRVRVMRK,0.8877551020408163
ERFRIKMRVIRK,0.93,KRFRI[MASK]VRVIRK,KRFRVRLKVIRK,KRFKI[MSTK]MRVLRK,0.9489795918367347
KRYRIRVRVIRK,0.93,[MASK]R[MASK][MASK]IRVRVIRK,QRWQIKVRVIRK,[ISSK]R[LSSK][MANE]IRVRVIKK,0.9489795918367347
RKWKIIVIKFKK,0.97,KK[MASK]KIVVIKWKK,RKYEIVVIKWKK,QR[MASK]KLVLVKWKK,0.9897959183673469
KKWKIVVIKWRR,0.88,KKWKIV[MASK]IRWR[MASK],RKWRIVMIRWQR,KKYKMV[VASK]IKWR[VATQ],0.8979591836734694
QQWKIVVIRWKK,0.96,RRWKIV[MASK]IRWK[MASK],RRFKIVIIRWKR,RRWQII[IANK]IRWK[MASK],0.9795918367346939
RRRWMVVLFQQR,0.85,[MASK]RRWIVVIW[MASK]RR,RRKWVVVIWRRR,[MANK]RKWIMVIW[MATK]QR,0.8673469387755102
RRKRRRWVLVLW,0.53,[MASK]RKRRRWIVV[MASK]W,RRRRQRWMVVIW,[MSSK]RKRRRWIVI[MSNK]Y,0.5408163265306123
FMVRQRQRRIVW,0.59,WI[MASK]RRK[MASK]RRVIW,WIVRRRRRRVMY,WI[MASE]KRK[LSSK]QQVLY,0.6020408163265306
WIVVIWQRERRK,0.98,W[MASK][MASK]VIWRRKRRR,FIVVIFRRKRQR,Y[MASK][MASE]VIWRRQRRR,1.0
RKMMVLRWYWRR,0.76,RRIVVIRWWWR[MASK],KRLVVIRWWYRK,RRIVLIRWWFR[IASQ],0.7755102040816326
RMIVVRQFWRKR,0.91,RIVVIR[MASK]WWRRR,RVIVMRQYYKRR,RIVVIR[IASK]YYRQR,0.9285714285714286
LLVIWRRWYRRR,0.8,IVVIWRRWWRRR,IILIWQRFFRRR,IVVIFQRWWKRQ,0.8163265306122449
FIRFIRYLQWIR,0.6,WIRW[MASK]RW[MASK]RWIR,WLRWIRWIQFIK,WLKW[MATE]RW[MAAK]KYIK,0.6122448979591837
RVVVFRRIVVWR,0.56,RI[MASK]VWRRIVVWR,QLMVYRRIIVWQ,RI[MSSK]VYQRIVVWR,0.5714285714285715
RRFRRWWRQWRR,0.98,RRW[MASK]RWWRRW[MASK]R,RRWRRWWRQWRR,RRW[MASK]RFWRRF[MSNK]R,1.0
RRKWFWRRFWKR,0.98,RRRWWWRRW[MASK]RR,RRRWYYRRWWKK,KRRWWWRKW[MSSQ]KR,1.0
RKIARIIVSILR,0.22,RRIARVIVAVL[MASK],RRIARVLLSVLR,KRIAKLVLAVL[VAAK],0.22448979591836735
ARQLVVKIRVIA,0.23,ARRLIV[MASK]VRVIA,SRQMIVRVRVIA,ARRVIV[MANK]IRVIA,0.23469387755102042
IKSRIAVQRLIL,0.37,IRARIA[MASK]RRVVL,MRARMALQRMVL,LRSRIA[MSSK]QQVVL,0.37755102040816324
IVRVALALRKIQ,0.51,IVRVAVALRRIR,MVRVSLALRRVR,IVRVAVALRQIQ,0.5204081632653061
MRMQARRVILVA,0.16,VRIRAR[MASK]VILVA,VRLRSRKVVLVA,VRIRAR[MANE]VIVVA,0.163265306122449
KRLMSLVAVRRL,0.08,[MASK][MASK]L[MASK]AIV[MASK]VRRI,RKIVSIVALQQI,[MASK][MASR]M[MASK]SIV[MASK]VRQI,0.0816326530612245
VLVRIKRMARAV,0.88,VLIR[MASK]RR[MASK]ARA[MASK],VIVRIRQVARSV,VLIQ[MASK]RR[MATK]ARA[MSSK],0.8979591836734694
MLRAALRQIRII,0.56,IIRAALRRVRVV,IIKAALKRLRVV,IIRAALQRIQVI,0.5714285714285715
ASLKQKIRIVIM,0.2,A[MASK]VRRRVRLVII,SALRKRVRMVII,A[MASK]VRRKIRLVII,0.20408163265306123
SVRIRQKAMVMI,0.21,AV[MASK]VRRRAI[MASK]VI,AIRMRQQSVVII,AV[VASK]VKRQAI[MSTK]II,0.21428571428571427
IAAQRLIRIVRM,0.48,IAARRLIRV[MASK][MASK]V,VAAQRLLRIVKV,IAARKLIKM[LASK][ISAR]V,0.4897959183673469
VSRVVVQMVRAR,0.54,V[MASK][MASK]IVV[MASK]LI[MASK]A[MASK],IARVVVRLIQAR,V[MASK][MATK]VVV[MSAK]ML[ISNQ]A[VSSK],0.5510204081632654
RAVAVIIKLRKV,0.38,[MASK]AVAVIIRLRRV,QSVAVLIRLKRV,[MSSE]AVAVIIRLRQV,0.3877551020408163
SVQSIRVVKVIR,0.5,AVRAI[MASK]VLRVIR,AVQSIKMLRVIR,SVKAI[MATR]VMRIVR,0.5102040816326531
RSRLVRVKIIVA,0.53,RARIVRVRVI[MASK]A,RARIVRVRVILS,RSRIVQVQMI[MSSQ]S,0.5408163265306123
VIIARKQVRIAV,0.56,VILARRRVRIAV,VLLARKKIKIAV,LILARRRLRIAV,0.5714285714285715
KRVSIMVISRMQ,0.5,RRVAI[MASK][MASK][MASK]ARLR,RRVAIMVLARVR,QRLAI[LSSK][MATK][MASE]ARLK,0.5102040816326531
ILVSRVMRQQVS,0.61,ILVAR[MASK]IR[MASK]RVA,IMVARLMRRQMS,VLVAR[MASK]IR[ISAK]RVA,0.6224489795918368
RRAAVVLIVIRR,0.45,RRAAVVLIVIRR,KKSSVMLVIIRQ,RRASVVIVIIRK,0.45918367346938777
SKLSRRVKMIVL,0.12,ARI[MASK]RR[MASK]RILVV,AKIARRMRIIVV,ARI[MATQ]QR[MSTK]KIMIL,0.12244897959183673
IVRRVRVKAVSL,0.32,IL[MASK]R[MASK]RVRAVAI,IIQRVRVRSMAV,IL[IASE]R[MSSK]RLRSMSL,0.326530612244898
QRKAIVRVVSLL,0.24,RRR[MASK]IVR[MASK]VAIL,RRQAIVKLVSVL,KRK[MATK]IIQ[MANK]IALL,0.24489795918367346
RAVIRRVLVRVA,0.12,RA[MASK]IRRVLVRVA,RAIIRRLLVRVS,RS[MATK]IRRVLVRVS,0.12244897959183673
ARALVIRVLQRV,0.23,A[MASK]AILIRVVR[MASK][MASK],ARSLLIKIIRRL,S[MATQ]AILMQVVK[MSSK][MASK],0.23469387755102042
IARRIMAVRLQV,0.43,[MASK]AR[MASK]IVA[MASK]RLRV,VARRIVSVKLQV,[MASK]AK[ISSK]IVA[MSSK]RLRM,0.4387755102040816
RVLMARLIRAIR,0.49,RVLIARV[MASK]RA[MASK]R,KMLLARVVQAIR,KVLIARV[MSSK]RS[MASK]K,0.5
IIVRVASQRIRI,0.53,VIVRLAA[MASK][MASK]VRI,VIVKLSSRRVRV,IIVRLAA[VASQ][LASE]LRI,0.5408163265306123
IIMAVKAVRKLQ,0.56,II[MASK]AVRAV[MASK]RVR,IMLAVKALRRVR,IL[MSSK]AIRAV[VASQ]RIR,0.5714285714285715
LMVRRQRAALMI,0.71,IVVRRRRAALV[MASK],LLVRKRRAAIVL,IVVRRRKASLV[LSTK],0.7244897959183674
LSIVRRARMKIV,0.42,LAIVRRARVRIV,MAIVKQAKVRIV,LAIVRRARVRMV,0.42857142857142855
ARRSQIRILVVV,0.35,ARRARIR[MASK]LVVV,AKRAKMKVIVVM,ARRARVR[MASE]IVVM,0.35714285714285715
IRVKRLVASLIR,0.24,IRVRRLVA[MASK]VIR,IRVRRLVSAMIR,IRVRRLVA[VASK]VLR,0.24489795918367346
VRIRIRLAMVRA,0.48,[MASK]RLRIRVAV[MASK]RA,MQLRIRVAVIRA,[MSTQ]QMKIRLAM[MSSQ]RS,0.4897959183673469
RVLRILRAAIQI,0.25,[MASK][MASK]LRVVRAAIRI,KVLRVVRAAIQI,[MASK][MASR]LRVLKSAIQI,0.25510204081632654
RARRVRLLIAVV,0.18,RAR[MASK][MASK]RVLI[MASK]IV,QAQRMQVLIAMV,RSR[MASK][LSSQ]RVLI[MSSR]II,0.1836734693877551
RSIQVRQMVLAV,0.3,RAIRVRRIV[MASK]AV,RAIRVRRIVLAV,RSVQVRRIL[MASK]AL,0.30612244897959184
IVIRAAIKRIRL,0.53,VVIRAAIRRVRL,VVVRSAMKRVKV,MMIKSAIKRVRL,0.5408163265306123
RIVLRRAAVLRV,0.29,RIVL[MASK]RAAVI[MASK]V,RIVLQRSAVMRI,RIIL[IASQ]RAAVV[MAAK]I,0.29591836734693877
VISQVMSRRIRI,0.5,VLA[MASK]VVARRIRI,VLARVVAKRMKV,IIA[ISSK]VVARKVQM,0.5102040816326531
RLRVAILSIVQR,0.26,RLR[MASK]AIV[MASK]IVRR,RIRVAIMSMVRR,KIR[MASK]AMV[VSSK]VVRR,0.2653061224489796
ILIIMQQRARSV,0.87,ILVIVR[MASK]RA[MASK]AV,IMVIVRRQAQAV,ILVILK[MASR]RA[MASK]AV,0.8877551020408163
KVIMVIRAKRVA,0.46,RVL[MASK]V[MASK]RARRVA,RVLILIRAQRVS,RLL[MSSK]V[IATK]QAKRVS,0.46938775510204084
VIKRQRILSAVV,0.19,[MASK]IRRRRILAAVV,LIRRRRVLASIV,[LASK]LKRRRIMAALV,0.19387755102040816
VVALRISMRKIR,0.43,[MASK]IA[MASK]RIAVRRVR,IIALRIAVRRVK,[MASK]IA[ISSK]RIAMRRVK,0.4387755102040816
RRKVIVSVLAQL,0.01,RRRVIV[MASK][MASK]LA[MASK]I,RRRMIVAVMARI,RRRVIV[MASK][MASQ]LA[LASK]I,0.010204081632653062
RVLISAKVIRRV,0.4,RVL[MASK]AAR[MASK]IR[MASK]V,QVLIAARLMKQL,RII[MSSK]SSK[MSSQ]IQ[MSSK]V,0.40816326530612246
LVQSLKRIIARV,0.34,[MASK]V[MASK]ALRRIIARV,MVRSLKRIIAKV,[MSSK]V[MANK]SLRRIIARV,0.34693877551020413
VISLVRARVRRI,0.41,VIALV[MASK]ARVRRI,VIAIVRAKVKQI,IIALV[MASR]ARVKQI,0.4183673469387755
RRMISISVRRLI,0.48,[MASK]RVI[MASK]IAVR[MASK]L[MASK],RKVIAIAVQKVV,[VANK]KVI[MSSQ]IAVR[MASK]L[MASE],0.4897959183673469
ILPWKWPWWPWRR,0.36,IL[MASK]WKWPW[MASK][MASK][MASK]RR,ILPWQWPWYPWRQ,LL[MASK]WKWPW[MASE][MASK][MASR]RK,0.3673469387755102
MLPWWWPWWPWRQ,0.27,IL[MASK]WWWPWWPW[MASK]R,IMPWWWPWWPWRQ,IM[LSSK]WFFPFWPW[MASK]R,0.2755102040816327
IIPFKWPWWKYQR,0.46,IL[MASK]WKW[MASK]WWKWR[MASK],ILPYKWPWYKWKR,IV[LASK]WKW[MANK]WWKYK[MASK],0.46938775510204084
LLKFKWPWWPWRR,0.42,ILKWKWPW[MASK]P[MASK]RR,ILKWEWPWWPWRR,MLKFKWPW[IASQ]P[LSSK]RQ,0.42857142857142855
VLPFKKPWYPWRR,0.47,ILPWKKPWW[MASK]WRR,ILPWQQPYWPWRR,LLPWKEPWW[MSSK]WKR,0.47959183673469385
ILPWKFPWYPWRR,0.33,ILPW[MASK]FPWWPWRR,ILPWKWPFWPYRQ,ILPW[IASK]FPWWPWKR,0.33673469387755106
ILKYKFPWWKFRR,0.78,IL[MASK]W[MASK]W[MASK]WW[MASK]WR[MASK],ILKWQWPWWKWKR,VL[MSSK]W[MANK]W[LASK]WW[MASK]FR[VASQ],0.7959183673469388
MLQWQWRFWRWKR,0.83,I[MASK]RWKWRWWRWRR,ILRWKWKWWRWRR,I[MASK]KWQWRWFRWQR,0.846938775510204
FLPKKFQWWEWRK,0.98,[MASK]L[MASK]KKF[MASK]WWKYR[MASK],FLPKKWRWWKYRK,[MAAK]L[MASQ]RKY[LASK]WWRYQ[MATR],1.0
FLKWKFQWWEYRR,0.97,F[MASK]KWKFRWWKW[MASK]K,FMKWRFRWYQFKQ,W[MAAK]KWRYRWFKW[MASK]K,0.9897959183673469
MVKWKVKWWQWRK,0.97,[MASK]IKWK[MASK]RW[MASK]KWRK,VIRWKVQWWQFKQ,[MASK]MKYK[MASK]KW[MASR]RYRR,0.9897959183673469
WIKWQWRWWKWRK,0.97,[MASK]IK[MASK]KWRWWKWRK,WIKWKYRWWQWKK,[VASQ]IE[MATK]QFRFWKWRK,0.9897959183673469
IIMWKWRWYQFRK,0.81,VIVWKWRWW[MASK][MASK]RK,VIVYKYRWWKYRK,VIIWQWQWY[MANE][MAAK]RE,0.826530612244898
RIKWKWRYFKFRE,0.98,[MASK]I[MASK]WKWRWWKWRK,RIKWKWRWWRFKE,[MATR]I[LSTK]WRWKYWKWQK,1.0
FIKWRFKWYKWRK,0.98,FI[MASK]WK[MASK]K[MASK][MASK]KWKK,FIKYKFEWWKFEK,WI[ISSK]WK[MSSR]K[MASK][MASK]QWQK,1.0
YLQWRFRWWRWRR,0.74,FIRWRFR[MASK]WRWRR,WLRWRFRWYQYKR,YIKWKFQ[MAAR]WRFRR,0.7551020408163265
FLYFRRWYYRWRR,0.62,FIWFRRWWWRWRR,YIWFRRWWWQWRR,FIWFQKWWYRWRK,0.6326530612244898
KIWKWKWRYWKRK,0.98,K[MASK][MASK]KWKWRWW[MASK]RR,EMWRYKWKWWKRQ,K[LANK][MASK]KWQWQWY[VASR]KR,1.0
RRWRWIFFRRWRR,0.98,RRWRF[MASK]WFRRWRR,KQWRFIYWRRWKQ,RKWQW[MASK]FFRRWQR,1.0
RRWKKWKQRWIWF,0.96,RRWR[MASK]WRRRFIWF,RQWQRWQRRFIFF,RQWK[MSSK]YRRRYIWW,0.9795918367346939
KWPYFPWRR,0.32,KWP[MASK]WPW[MASK][MASK],EWPWWPWQR,EWP[MSNK]WPW[VAAK][MANR],0.326530612244898
KWPWWKWRR,0.41,KWP[MASK][MASK]KWRR,KWPWYRWRR,KWP[IASK][VSSR]KWRR,0.4183673469387755
KFYFWRWRK,0.38,KFHW[MASK]KWRK,KFHWFKWQK,EFHY[MSSR]KWRK,0.3877551020408163
RFRWYQWQQ,0.68,RWRWWRWRR,QWRWWRFRK,RYRWFRYRR,0.6938775510204083
KWKFYRWKK,0.86,[MASK][MASK]KWWK[MASK]KK,KWKWWKWKK,[MASK][MASQ]QWWK[MASR]KK,0.8775510204081632
PWWPWRR,0.25,P[MASK]WPWR[MASK],PWWPWQR,P[MASK]WPYR[MASK],0.25510204081632654
RWFQFRK,0.32,RWWKWRR,RWWKFRR,RFYKWQK,0.326530612244898
EWFRWKR,0.41,K[MASK]WKWKK,KFYKWKE,E[MASE]WKWKK,0.4183673469387755
RWWRYRR,0.24,[MASK]WWR[MASK]RR,QFWRWRR,[MASK]WFR[MATR]RR,0.24489795918367346
QVRWYRLFY,0.74,[MASK]VRWYRI[MASK]Y,RVRWHRIFY,[MASK]VRWFRV[MASE]Y,0.7551020408163265
WKVWVRVKK,0.66,W[MASK][MASK]WV[MASK][MASK]KR,YRVWVKMKQ,W[MASK][MASK]WL[MASK][MSSK]KR,0.6734693877551021
KLWYLIKRW,0.33,KLWWMIRRW,KLWWIIRRW,KLWWMIRRW,0.33673469387755106
KRWFKWIRW,0.91,KR[MASK][MASK]KW[MASK][MASK]W,RRWWKWIRW,KK[MSSR][MATK]KW[MASK][LAAK]W,0.9285714285714286
KRWWKFWRR,0.94,KRW[MASK]KWWRR,QKWYQWWRK,KQW[MASR]RWWRR,0.9591836734693877
FRRWWKFFQ,0.91,FRRWWKWF[MASK],FKRWWKYFR,YRQWWKWF[MASQ],0.9285714285714286
RYQRWKYWL,0.76,RW[MASK]RW[MASK]WWL,KWQRWEWWL,QW[VSTE]RW[MANK]YWL,0.7755102040816326
KIWWWFRKK,0.8,KIWWWWRKR,KIWWWWREQ,QIYWYYRKQ,0.8163265306122449
