sequence,activity
RLARIVVIRVAR,0.17
RAVRIVVIRALR,0.75
RLARIVPIRVAR,0.47
RRARIVVIRVAR,0.22
RLRRIVVIRVAR,0.17
RLWRIVVIRVAR,0.026
RLARIVVIRWAR,0.25
RRWRIVVIRVRR,0.79
RRWKIVVIRWRR,0.85
RWWKIWVIRWWR,0.21
RLRRIVVIRVRR,0.47
VRLRIRVAVIRA,0
VRFRIRVAVIRA,0.12
VRWRIRVAVIRA,0.34
VRLRIRVAVIRK,0.63
VQLRIRVRVIRK,0.76
VRLRIRVRVIRK,0.76
KQFRIRVRVIRK,0.87
KRFRIRVRVIRK,0.93
KRWRIRVRVIRK,0.93
KKWKIVVIKWKK,0.97
KKWKIVVIRWRR,0.88
RRWKIVVIRWKK,0.96
RRRWIVVIWRRR,0.85
RRKRRRWIVVIW,0.53
WIVRRKRRRVIW,0.59
WIVVIWRRKRRR,0.98
RRIVVIRWWWRR,0.76
RIVVIRRWWRRR,0.91
IVVIWRRWWRRR,0.8
WIRWIRWIRWIR,0.6
RIVVWRRIVVWR,0.56
RRWRRWWRRWRR,0.98
RRRWWWRRWWRR,0.98
RRIARVIVAVLR,0.22
ARRLIVRVRVIA,0.23
IRARIAVRRVVL,0.37
IVRVAVALRRIR,0.51
VRIRARRVILVA,0.16
RRLVAIVAVRRI,0.08
VLIRIRRVARAV,0.88
IIRAALRRVRVV,0.56
AAVRRRVRLVII,0.2
AVRVRRRAILVI,0.21
IAARRLIRVVRV,0.48
VARIVVRLIRAR,0.54
RAVAVIIRLRRV,0.38
AVRAIRVLRVIR,0.5
RARIVRVRVILA,0.53
VILARRRVRIAV,0.56
RRVAIVVIARLR,0.5
ILVARVIRRRVA,0.61
RRAAVVLIVIRR,0.45
ARIARRVRILVV,0.12
ILRRVRVRAVAI,0.32
RRRAIVRVVAIL,0.24
RAIIRRVLVRVA,0.12
ARAILIRVVRRV,0.23
IARRIVAVRLRV,0.43
RVLIARVVRAIR,0.49
VIVRLAARRVRI,0.53
IILAVRAVRRVR,0.56
IVVRRRRAALVI,0.71
LAIVRRARVRIV,0.42
ARRARIRILVVV,0.35
IRVRRLVAAVIR,0.24
VRLRIRVAVIRA,0.48
RVLRVVRAAIRI,0.25
RARRVRVLIAIV,0.18
RAIRVRRIVLAV,0.3
VVIRAAIRRVRL,0.53
RIVLRRAAVIRV,0.29
VLARVVARRIRI,0.5
RLRVAIVAIVRR,0.26
ILVIVRRRARAV,0.87
RVLIVIRARRVA,0.46
VIRRRRILAAVV,0.19
VIALRIAVRRVR,0.43
RRRVIVAVLARI,0.01
RVLIAARVIRRV,0.4
VVRALRRIIARV,0.34
VIALVRARVRRI,0.41
RRVIAIAVRRLV,0.48
ILPWKWPWWPWRR,0.36
ILPWWWPWWPWRR,0.27
ILPWKWPWWKWRR,0.46
ILKWKWPWWPWRR,0.42
ILPWKKPWWPWRR,0.47
ILPWKFPWWPWRR,0.33
ILKWKWPWWKWRR,0.78
ILRWKWRWWRWRR,0.83
FLPKKFRWWKYRK,0.98
FIKWKFRWWKWRK,0.97
VIKWKVRWWKWRK,0.97
WIKWKWRWWKWRK,0.97
VIVWKWRWWKWRK,0.81
RIKWKWRWWKWRK,0.98
FIKWKFKWWKWKK,0.98
FIRWRFRWWRWRR,0.74
FIWFRRWWWRWRR,0.62
KIWKWKWRWWKRR,0.98
RRWRFIWFRRWRR,0.98
RRWRRWRRRFIWF,0.96
KWPWWPWRR,0.32
KWPWWKWRR,0.41
KFHWWKWRK,0.38
RWRWWRWRR,0.68
KWKWWKWKK,0.86
PWWPWRR,0.25
RWWKWRR,0.32
KWWKWKK,0.41
RWWRWRR,0.24
RVRWYRIFY,0.74
WRVWVRVKR,0.66
KLWWMIRRW,0.33
KRWWKWIRW,0.91
KRWWKWWRR,0.94
FRRWWKWFK,0.91
RWRRWKWWL,0.76
KIWWWWRKR,0.8
